ABCD;GRAFTON,Sue*;BANTAM BOOKS;43,95
A IS FOR ALIBI - Bantam  **O.S.I**;GRAFTON,Sue;BANTAM BOOKS;43,95
A IS FOR ALIBI- MGR Intermediate;abc;MACMILLAN;28
A LEVEL BIOLOGY;PHILLIPS/CHILTON;OXFORD UNIVERSITY PRESS;146
A LEVEL BUSINESS STUDIES - Q&A         **OUT OF PRINT**;CLINTON,Martin;LETTS EDUCATIONAL;35,55
A LEVEL BUSINESS STUDIES - Study Guide **OUT OF PRINT**;FLOYD,David;LETTS EDUCATIONAL;56,25
A LEVEL CHEMISTRY - 4th Edition;RAMSDEN,Eileen;NELSON THORNES;253,67
A LEVEL MATHEMATICS - Study Guide      **OUT OF PRINT**;GRAHAM & WHITCOMBE;LETTS EDUCATIONAL;47,25
A LEVEL PHYSICS - 4th Ed.;MUNCASTER;NELSON THORNES;253,67
ABSENT FRIENDS - New Longman Literature;AYCKBOURN,Alan;LONGMAN;42
ABSENT FRIENDS - Samuel French;AYCKBOURN,A.;FRENCH, SAMUEL;58,5
ABSENT IN THE SPRING - Harper Collins;WESTMACOTT,Mary;HARPER COLLINS (UK)Trade;46,13
ABSOLUTE FRIEND - Little Brown;LE CARRE,John;HACHETTE;43,95
ABSOLUTE POWER - Pocket UK;BALDACCI,David;SIMON & SCHUSTER UK;66,32
ACTIVATE B2 - USE OF ENGLISH & VOCABULARY  Updated 2008;BOYD,Elaine & STEPHENS,Mary;LONGMAN;62
ACTIVATE B2_Class CDs x 2   Updated 2008;BOYD,Elaine & STEPHENS,Mary;LONGMAN;55,37
ACTIVE BUSINESS STUDIES;HAMMOND;LONGMAN;30,6
ACTIVE GRAMMAR;BARTON,Geoff;OXFORD UNIVERSITY PRESS;62,05
ACTIVE LISTENING 1- ST S with Audio CD;BROWN,Steven & SMITH,Dorolyn;CAMBRIDGE UNIVERSITY PRES;104
ACTIVE LISTENING 1- TCH S with Audio CD;BROWN,Steven & SMITH,Dorolyn;CAMBRIDGE UNIVERSITY PRES;150,8
CAMBRIDGE GRAMMAR OF THE ENGLISH LANGUAGE, THE - Hbck;HUDDLESTON,Rodney & PULLUM,Geoffrey;CAMBRIDGE UNIVERSITY PRES;1
CAMBRIDGE GUIDE TO ASIAN THEATRE,THE;BRANDON,James;CAMBRIDGE UNIVERSITY PRES;0
CAMBRIDGE GUIDE TO ENGLISH USAGE - Hbck;PETERS,Pam;CAMBRIDGE UNIVERSITY PRES;223,6
CAMBRIDGE GUIDE TO LITERATURE IN ENGLISH -Hbck 3rd Ed.;OUSBY;CAMBRIDGE UNIVERSITY PRES;306,8
CAMBRIDGE GUIDE TO TEACHING ENGLISH TO SPEAKERS OTH.LANGUAGE;CARTER,Ronald & NUNAN,David;CAMBRIDGE UNIVERSITY PRES;156
CAMBRIDGE GUIDE TO THEATRE;BANHAM;CAMBRIDGE UNIVERSITY PRES;301,6
CAMBRIDGE HISTORY OF LATIN AMERICA Part 1;BETHELL;CAMBRIDGE UNIVERSITY PRES;884
CAMBRIDGE HISTORY OF LATIN AMERICA Part 2;BETHELL,Ed.;CAMBRIDGE UNIVERSITY PRES;884
CAMBRIDGE IDIOMS DICTIONARY *NEW EDITION*;aa;CAMBRIDGE UNIVERSITY PRES;155
CAMBRIDGE IELTS 1 - ST`S with Key;JAKEMAN;CAMBRIDGE UNIVERSITY PRES;105
CAMBRIDGE IELTS 1 -Audio CASSETTE PACK x 2;JAKEMAN;CAMBRIDGE UNIVERSITY PRES;70
CAMBRIDGE IELTS 2 - ST S with Key;aa;CAMBRIDGE UNIVERSITY PRES;105
CAMBRIDGE IELTS 2 -Audio CASSETTE PACK x 2;aaa;CAMBRIDGE UNIVERSITY PRES;70
CAMBRIDGE IELTS 3 - ST S with Key;aaa;CAMBRIDGE UNIVERSITY PRES;105
CAMBRIDGE IELTS 3 -Audio CASSETTE PACK x 2;aaa;CAMBRIDGE UNIVERSITY PRES;72,8
CAMBRIDGE IELTS 3 -Audio CD SET x 2;aaa;CAMBRIDGE UNIVERSITY PRES;80
CAMBRIDGE IELTS 4 - ST S with Key;aaa;CAMBRIDGE UNIVERSITY PRES;105
ZORBA THE GREEK - Faber;KAZANTZAKIS,N.;FABER & FABER;46,13
ZORRO INTL -Harper Collins USA;ALLENDE,Isabel;HARPER COLLINS US;43,95
ZOYA - Dell;STEEL,Danielle;DELL;43,95